<!--
  Copyright (c)2002-2008 Mark Logic Corporation. All Rights Reserved.
 
  Licensed under the Apache License, Version 2.0 (the "License");
  you may not use this file except in compliance with the License.
  You may obtain a copy of the License at
 
  http//www.apache.org/licenses/LICENSE-2.0
 
  Unless required by applicable law or agreed to in writing, software
  distributed under the License is distributed on an "AS IS" BASIS,
  WITHOUT WARRANTIES OR CONDITIONS OF ANY KIND, either express or implied.
  See the License for the specific language governing permissions and
  limitations under the License.
 
  The use of the Apache License does not indicate that this project is
  affiliated with the Apache Software Foundation.
-->
<session xmlns="com.marklogic.developer.cq.session">
  <name>New Session</name>
  <query-buffers>
    <query>xquery version "0.9-ml"
(: buffer 1 :)
declare namespace html = "http://www.w3.org/1999/xhtml"
&lt;p>hello world&lt;/p></query>
    <query>xquery version "0.9-ml"
(: buffer 2 :)
declare namespace html = "http://www.w3.org/1999/xhtml"
&lt;p>hello world&lt;/p></query>
    <query>xquery version "0.9-ml"
(: buffer 3 :)
declare namespace html = "http://www.w3.org/1999/xhtml"
&lt;p>hello world&lt;/p></query>
    <query>xquery version "0.9-ml"
(: buffer 4 :)
declare namespace html = "http://www.w3.org/1999/xhtml"
&lt;p>hello world&lt;/p></query>
    <query>xquery version "0.9-ml"
(: buffer 5 :)
declare namespace html = "http://www.w3.org/1999/xhtml"
&lt;p>hello world&lt;/p></query>
    <query>xquery version "0.9-ml"
(: buffer 6 :)
declare namespace html = "http://www.w3.org/1999/xhtml"
&lt;p>hello world&lt;/p></query>
    <query>xquery version "0.9-ml"
(: buffer 7 :)
declare namespace html = "http://www.w3.org/1999/xhtml"
&lt;p>hello world&lt;/p></query>
    <query>xquery version "0.9-ml"
(: buffer 8 :)
declare namespace html = "http://www.w3.org/1999/xhtml"
&lt;p>hello world&lt;/p></query>
    <query>xquery version "0.9-ml"
(: buffer 9 :)
declare namespace html = "http://www.w3.org/1999/xhtml"
&lt;p>hello world&lt;/p></query>
    <query>xquery version "0.9-ml"
(: buffer 10 :)
declare namespace html = "http://www.w3.org/1999/xhtml"
&lt;p>hello world&lt;/p></query>
  </query-buffers>
  <query-history />
</session>
